time,tasmax
2015-01-01,7.6
2015-01-02,8.07
2015-01-03,5.04
2015-01-04,4.58
2015-01-05,4.68
2015-01-06,5.57
2015-01-07,6.04
2015-01-08,8.7
2015-01-09,10.46
2015-01-10,10.78
2015-01-11,8.55
2015-01-12,9.19
2015-01-13,9.45
2015-01-14,7.07
2015-01-15,7.9
2015-01-16,7.61
2015-01-17,9.78
2015-01-18,9.96
2015-01-19,8.7
2015-01-20,8.14
2015-01-21,9.99
2015-01-22,11.79
2015-01-23,10.41
2015-01-24,11.72
2015-01-25,10.73
2015-01-26,9.94
2015-01-27,8.96
2015-01-28,10.09
2015-01-29,7.07
2015-01-30,4.15
2015-02-01,8.37
2015-02-02,7.41
2015-02-03,5.14
2015-02-04,7.13
2015-02-05,7.22
2015-02-06,9.4
2015-02-07,9.59
2015-02-08,14.32
2015-02-09,10.27
2015-02-10,12.47
2015-02-11,12.59
2015-02-12,12.04
2015-02-13,13.45
2015-02-14,15.35
2015-02-15,12.14
2015-02-16,11.29
2015-02-17,11.01
2015-02-18,11.52
2015-02-19,10.23
2015-02-20,10.04
2015-02-21,7.49
2015-02-22,5.63
2015-02-23,2.78
2015-02-24,3.8
2015-02-25,5.4
2015-02-26,6.83
2015-02-27,8.96
2015-02-28,8.65
2015-02-29,11.98
2015-02-30,14.72
2015-03-01,13.72
2015-03-02,15.71
2015-03-03,10.41
2015-03-04,8.63
2015-03-05,13.24
2015-03-06,12.45
2015-03-07,16.37
2015-03-08,13.62
2015-03-09,17.26
2015-03-10,13.22
2015-03-11,10.7
2015-03-12,12.13
2015-03-13,12.97
2015-03-14,15.07
2015-03-15,14.68
2015-03-16,12.12
2015-03-17,12.85
2015-03-18,19.42
2015-03-19,12.93
2015-03-20,12.38
2015-03-21,10.24
2015-03-22,12.23
2015-03-23,12.74
2015-03-24,8.49
2015-03-25,8.2
2015-03-26,11.44
2015-03-27,13.42
2015-03-28,14.1
2015-03-29,11.81
2015-03-30,12.0
2015-04-01,8.54
2015-04-02,12.3
2015-04-03,18.12
2015-04-04,23.37
2015-04-05,18.9
2015-04-06,14.77
2015-04-07,18.06
2015-04-08,23.22
2015-04-09,25.53
2015-04-10,30.47
2015-04-11,30.06
2015-04-12,17.71
2015-04-13,18.14
2015-04-14,16.32
2015-04-15,19.85
2015-04-16,22.89
2015-04-17,24.18
2015-04-18,22.28
2015-04-19,27.05
2015-04-20,31.27
2015-04-21,26.33
2015-04-22,14.43
2015-04-23,14.89
2015-04-24,15.02
2015-04-25,13.26
2015-04-26,16.38
2015-04-27,20.0
2015-04-28,18.94
2015-04-29,11.68
2015-04-30,14.74
2015-05-01,15.3
2015-05-02,16.73
2015-05-03,15.34
2015-05-04,14.53
2015-05-05,15.19
2015-05-06,14.97
2015-05-07,16.92
2015-05-08,18.91
2015-05-09,20.54
2015-05-10,20.44
2015-05-11,25.87
2015-05-12,13.73
2015-05-13,18.44
2015-05-14,22.78
2015-05-15,19.78
2015-05-16,20.05
2015-05-17,17.89
2015-05-18,18.79
2015-05-19,17.89
2015-05-20,16.62
2015-05-21,15.97
2015-05-22,16.05
2015-05-23,15.98
2015-05-24,19.12
2015-05-25,16.9
2015-05-26,17.76
2015-05-27,13.62
2015-05-28,13.83
2015-05-29,16.97
2015-05-30,18.42
2015-06-01,24.02
2015-06-02,23.08
2015-06-03,27.85
2015-06-04,23.06
2015-06-05,23.78
2015-06-06,23.94
2015-06-07,21.42
2015-06-08,22.18
2015-06-09,25.26
2015-06-10,27.37
2015-06-11,27.84
2015-06-12,29.52
2015-06-13,30.13
2015-06-14,29.93
2015-06-15,26.44
2015-06-16,27.89
2015-06-17,18.87
2015-06-18,20.82
2015-06-19,24.87
2015-06-20,23.71
2015-06-21,24.65
2015-06-22,27.61
2015-06-23,31.42
2015-06-24,34.65
2015-06-25,35.0
2015-06-26,31.49
2015-06-27,34.72
2015-06-28,33.03
2015-06-29,29.45
2015-06-30,27.52
2015-07-01,29.58
2015-07-02,31.91
2015-07-03,34.12
2015-07-04,36.6
2015-07-05,39.69
2015-07-06,42.09
2015-07-07,40.58
2015-07-08,37.38
2015-07-09,37.25
2015-07-10,34.71
2015-07-11,29.82
2015-07-12,29.9
2015-07-13,33.59
2015-07-14,31.52
2015-07-15,33.27
2015-07-16,31.31
2015-07-17,33.36
2015-07-18,32.7
2015-07-19,33.58
2015-07-20,34.48
2015-07-21,35.09
2015-07-22,31.54
2015-07-23,30.53
2015-07-24,33.51
2015-07-25,33.02
2015-07-26,29.75
2015-07-27,31.38
2015-07-28,33.91
2015-07-29,37.74
2015-07-30,42.13
2015-08-01,32.13
2015-08-02,30.27
2015-08-03,29.13
2015-08-04,31.63
2015-08-05,38.56
2015-08-06,39.58
2015-08-07,41.64
2015-08-08,39.58
2015-08-09,37.56
2015-08-10,35.95
2015-08-11,32.16
2015-08-12,31.35
2015-08-13,32.03
2015-08-14,30.27
2015-08-15,31.99
2015-08-16,35.62
2015-08-17,39.58
2015-08-18,40.13
2015-08-19,38.86
2015-08-20,38.79
2015-08-21,36.26
2015-08-22,33.64
2015-08-23,37.29
2015-08-24,40.48
2015-08-25,43.53
2015-08-26,37.4
2015-08-27,33.43
2015-08-28,30.95
2015-08-29,32.86
2015-08-30,39.22
2015-09-01,42.05
2015-09-02,42.55
2015-09-03,42.89
2015-09-04,40.42
2015-09-05,41.37
2015-09-06,39.73
2015-09-07,34.59
2015-09-08,32.75
2015-09-09,27.0
2015-09-10,28.51
2015-09-11,35.48
2015-09-12,35.21
2015-09-13,38.0
2015-09-14,38.59
2015-09-15,37.89
2015-09-16,38.34
2015-09-17,31.86
2015-09-18,33.09
2015-09-19,36.57
2015-09-20,35.55
2015-09-21,32.0
2015-09-22,24.95
2015-09-23,23.89
2015-09-24,26.62
2015-09-25,27.53
2015-09-26,34.22
2015-09-27,36.09
2015-09-28,34.49
2015-09-29,27.13
2015-09-30,24.12
2015-10-01,31.56
2015-10-02,32.64
2015-10-03,33.36
2015-10-04,33.4
2015-10-05,32.13
2015-10-06,32.39
2015-10-07,27.58
2015-10-08,25.81
2015-10-09,25.14
2015-10-10,23.31
2015-10-11,22.41
2015-10-12,18.77
2015-10-13,15.64
2015-10-14,14.89
2015-10-15,12.87
2015-10-16,10.71
2015-10-17,11.8
2015-10-18,12.46
2015-10-19,12.51
2015-10-20,12.85
2015-10-21,13.61
2015-10-22,14.24
2015-10-23,14.95
2015-10-24,15.37
2015-10-25,14.73
2015-10-26,18.82
2015-10-27,19.11
2015-10-28,19.63
2015-10-29,18.08
2015-10-30,16.09
2015-11-01,14.5
2015-11-02,10.43
2015-11-03,9.84
2015-11-04,9.95
2015-11-05,9.04
2015-11-06,12.59
2015-11-07,17.29
2015-11-08,16.87
2015-11-09,16.41
2015-11-10,11.71
2015-11-11,13.95
2015-11-12,10.92
2015-11-13,8.35
2015-11-14,8.32
2015-11-15,10.5
2015-11-16,11.69
2015-11-17,11.82
2015-11-18,11.79
2015-11-19,10.87
2015-11-20,14.43
2015-11-21,14.54
2015-11-22,14.31
2015-11-23,13.53
2015-11-24,12.88
2015-11-25,10.69
2015-11-26,8.84
2015-11-27,5.0
2015-11-28,4.57
2015-11-29,5.38
2015-11-30,6.84
2015-12-01,6.4
2015-12-02,7.99
2015-12-03,8.25
2015-12-04,9.62
2015-12-05,11.83
2015-12-06,14.24
2015-12-07,14.52
2015-12-08,11.76
2015-12-09,12.27
2015-12-10,12.75
2015-12-11,11.31
2015-12-12,11.36
2015-12-13,9.49
2015-12-14,10.03
2015-12-15,8.11
2015-12-16,6.81
2015-12-17,7.57
2015-12-18,6.55
2015-12-19,-0.24
2015-12-20,0.97
2015-12-21,0.49
2015-12-22,-1.43
2015-12-23,0.46
2015-12-24,0.22
2015-12-25,0.02
2015-12-26,1.23
2015-12-27,2.66
2015-12-28,3.01
2015-12-29,2.73
2015-12-30,3.94
2016-01-01,2.71
2016-01-02,3.95
2016-01-03,2.64
2016-01-04,5.76
2016-01-05,9.02
2016-01-06,7.87
2016-01-07,7.57
2016-01-08,9.93
2016-01-09,7.58
2016-01-10,9.56
2016-01-11,10.7
2016-01-12,11.02
2016-01-13,12.13
2016-01-14,11.48
2016-01-15,10.35
2016-01-16,6.43
2016-01-17,7.74
2016-01-18,10.8
2016-01-19,11.23
2016-01-20,8.72
2016-01-21,7.45
2016-01-22,7.46
2016-01-23,4.14
2016-01-24,-0.42
2016-01-25,-0.96
2016-01-26,-0.19
2016-01-27,2.43
2016-01-28,1.93
2016-01-29,2.94
2016-01-30,5.58
2016-02-01,10.33
2016-02-02,14.05
2016-02-03,11.63
2016-02-04,11.0
2016-02-05,10.83
2016-02-06,10.82
2016-02-07,11.64
2016-02-08,10.84
2016-02-09,7.92
2016-02-10,7.72
2016-02-11,7.56
2016-02-12,12.08
2016-02-13,9.92
2016-02-14,10.97
2016-02-15,11.08
2016-02-16,12.12
2016-02-17,11.91
2016-02-18,9.6
2016-02-19,8.36
2016-02-20,4.24
2016-02-21,2.81
2016-02-22,1.92
2016-02-23,4.53
2016-02-24,10.84
2016-02-25,9.89
2016-02-26,10.42
2016-02-27,10.45
2016-02-28,11.08
2016-02-29,11.22
2016-02-30,12.95
2016-03-01,13.21
2016-03-02,16.04
2016-03-03,17.39
2016-03-04,15.82
2016-03-05,11.74
2016-03-06,18.44
2016-03-07,12.19
2016-03-08,12.69
2016-03-09,12.61
2016-03-10,13.59
2016-03-11,17.51
2016-03-12,14.2
2016-03-13,13.25
2016-03-14,13.48
2016-03-15,15.36
2016-03-16,18.26
2016-03-17,11.79
2016-03-18,9.65
2016-03-19,10.02
2016-03-20,9.94
2016-03-21,12.73
2016-03-22,13.43
2016-03-23,8.13
2016-03-24,10.03
2016-03-25,7.68
2016-03-26,6.87
2016-03-27,5.9
2016-03-28,8.8
2016-03-29,14.09
2016-03-30,13.85
2016-04-01,10.8
2016-04-02,13.56
2016-04-03,9.31
2016-04-04,13.68
2016-04-05,14.18
2016-04-06,20.3
2016-04-07,13.58
2016-04-08,19.52
2016-04-09,17.77
2016-04-10,16.87
2016-04-11,19.54
2016-04-12,20.55
2016-04-13,19.48
2016-04-14,19.17
2016-04-15,21.57
2016-04-16,15.62
2016-04-17,16.53
2016-04-18,19.71
2016-04-19,21.47
2016-04-20,23.42
2016-04-21,24.51
2016-04-22,26.1
2016-04-23,28.39
2016-04-24,25.2
2016-04-25,18.7
2016-04-26,12.34
2016-04-27,14.07
2016-04-28,10.51
2016-04-29,10.69
2016-04-30,12.91
2016-05-01,14.19
2016-05-02,15.47
2016-05-03,15.66
2016-05-04,17.98
2016-05-05,20.19
2016-05-06,22.55
2016-05-07,21.78
2016-05-08,21.92
2016-05-09,20.7
2016-05-10,21.95
2016-05-11,22.88
2016-05-12,25.26
2016-05-13,26.69
2016-05-14,22.6
2016-05-15,21.16
2016-05-16,19.23
2016-05-17,16.36
2016-05-18,21.68
2016-05-19,23.39
2016-05-20,27.19
2016-05-21,25.82
2016-05-22,24.73
2016-05-23,27.25
2016-05-24,26.53
2016-05-25,29.1
2016-05-26,29.11
2016-05-27,31.07
2016-05-28,33.61
2016-05-29,30.64
2016-05-30,30.58
2016-06-01,31.47
2016-06-02,24.2
2016-06-03,24.41
2016-06-04,26.88
2016-06-05,29.74
2016-06-06,32.65
2016-06-07,32.3
2016-06-08,26.03
2016-06-09,27.81
2016-06-10,31.62
2016-06-11,33.63
2016-06-12,30.85
2016-06-13,31.1
2016-06-14,25.8
2016-06-15,21.81
2016-06-16,23.58
2016-06-17,23.25
2016-06-18,22.23
2016-06-19,22.97
2016-06-20,29.18
2016-06-21,35.89
2016-06-22,38.51
2016-06-23,40.29
2016-06-24,41.59
2016-06-25,43.54
2016-06-26,29.43
2016-06-27,28.92
2016-06-28,26.76
2016-06-29,31.0
2016-06-30,27.63
2016-07-01,24.98
2016-07-02,28.31
2016-07-03,27.0
2016-07-04,32.13
2016-07-05,41.91
2016-07-06,41.09
2016-07-07,38.5
2016-07-08,37.71
2016-07-09,38.91
2016-07-10,31.34
2016-07-11,30.53
2016-07-12,33.33
2016-07-13,37.53
2016-07-14,38.52
2016-07-15,31.56
2016-07-16,33.86
2016-07-17,37.06
2016-07-18,38.83
2016-07-19,38.97
2016-07-20,42.1
2016-07-21,38.33
2016-07-22,30.76
2016-07-23,35.96
2016-07-24,41.24
2016-07-25,40.52
2016-07-26,40.18
2016-07-27,45.64
2016-07-28,48.42
2016-07-29,43.39
2016-07-30,37.56
2016-08-01,32.65
2016-08-02,26.04
2016-08-03,28.18
2016-08-04,31.41
2016-08-05,30.36
2016-08-06,33.71
2016-08-07,35.16
2016-08-08,34.13
2016-08-09,33.08
2016-08-10,35.88
2016-08-11,37.28
2016-08-12,36.98
2016-08-13,35.52
2016-08-14,35.95
2016-08-15,31.11
2016-08-16,25.39
2016-08-17,30.31
2016-08-18,35.9
2016-08-19,31.9
2016-08-20,28.08
2016-08-21,25.0
2016-08-22,27.07
2016-08-23,30.95
2016-08-24,34.48
2016-08-25,36.4
2016-08-26,36.79
2016-08-27,39.4
2016-08-28,39.5
2016-08-29,40.77
2016-08-30,41.97
2016-09-01,42.63
2016-09-02,42.63
2016-09-03,42.77
2016-09-04,42.75
2016-09-05,42.77
2016-09-06,29.4
2016-09-07,26.97
2016-09-08,26.15
2016-09-09,20.3
2016-09-10,18.91
2016-09-11,20.3
2016-09-12,25.81
2016-09-13,20.31
2016-09-14,20.95
2016-09-15,26.58
2016-09-16,29.14
2016-09-17,30.79
2016-09-18,32.23
2016-09-19,25.41
2016-09-20,18.78
2016-09-21,20.91
2016-09-22,20.0
2016-09-23,16.2
2016-09-24,17.69
2016-09-25,18.95
2016-09-26,17.8
2016-09-27,21.19
2016-09-28,22.45
2016-09-29,19.26
2016-09-30,17.81
2016-10-01,17.82
2016-10-02,17.38
2016-10-03,17.86
2016-10-04,18.74
2016-10-05,23.37
2016-10-06,22.99
2016-10-07,21.31
2016-10-08,26.85
2016-10-09,26.83
2016-10-10,20.76
2016-10-11,21.77
2016-10-12,23.97
2016-10-13,18.41
2016-10-14,15.66
2016-10-15,20.08
2016-10-16,23.96
2016-10-17,19.64
2016-10-18,15.37
2016-10-19,14.67
2016-10-20,13.92
2016-10-21,15.32
2016-10-22,17.42
2016-10-23,15.53
2016-10-24,15.2
2016-10-25,12.72
2016-10-26,13.58
2016-10-27,16.03
2016-10-28,11.9
2016-10-29,11.18
2016-10-30,11.49
2016-11-01,10.29
2016-11-02,9.76
2016-11-03,7.97
2016-11-04,11.06
2016-11-05,9.8
2016-11-06,10.76
2016-11-07,12.16
2016-11-08,13.53
2016-11-09,13.92
2016-11-10,15.22
2016-11-11,14.42
2016-11-12,14.17
2016-11-13,13.03
2016-11-14,13.08
2016-11-15,14.15
2016-11-16,12.48
2016-11-17,13.79
2016-11-18,13.11
2016-11-19,11.79
2016-11-20,9.36
2016-11-21,6.44
2016-11-22,4.66
2016-11-23,8.72
2016-11-24,6.17
2016-11-25,5.4
2016-11-26,5.1
2016-11-27,9.0
2016-11-28,11.42
2016-11-29,12.19
2016-11-30,11.61
2016-12-01,8.4
2016-12-02,1.92
2016-12-03,0.84
2016-12-04,1.31
2016-12-05,0.93
2016-12-06,-0.66
2016-12-07,-0.84
2016-12-08,-1.51
2016-12-09,0.35
2016-12-10,1.56
2016-12-11,2.54
2016-12-12,3.68
2016-12-13,2.66
2016-12-14,2.24
2016-12-15,2.5
2016-12-16,5.99
2016-12-17,6.69
2016-12-18,8.86
2016-12-19,9.97
2016-12-20,11.94
2016-12-21,12.04
2016-12-22,12.07
2016-12-23,11.35
2016-12-24,11.45
2016-12-25,10.26
2016-12-26,11.99
2016-12-27,11.88
2016-12-28,10.33
2016-12-29,9.8
2016-12-30,9.79
2017-01-01,9.75
2017-01-02,9.71
2017-01-03,9.19
2017-01-04,8.57
2017-01-05,9.64
2017-01-06,11.03
2017-01-07,12.39
2017-01-08,13.3
2017-01-09,10.29
2017-01-10,10.55
2017-01-11,11.37
2017-01-12,10.88
2017-01-13,11.65
2017-01-14,10.23
2017-01-15,9.98
2017-01-16,12.69
2017-01-17,11.78
2017-01-18,11.96
2017-01-19,11.25
2017-01-20,11.44
2017-01-21,14.21
2017-01-22,9.99
2017-01-23,9.13
2017-01-24,8.22
2017-01-25,7.58
2017-01-26,5.25
2017-01-27,3.04
2017-01-28,6.06
2017-01-29,6.07
2017-01-30,4.58
2017-02-01,2.38
2017-02-02,2.4
2017-02-03,3.87
2017-02-04,8.02
2017-02-05,7.79
2017-02-06,8.24
2017-02-07,10.7
2017-02-08,10.36
2017-02-09,5.07
2017-02-10,8.74
2017-02-11,8.76
2017-02-12,5.93
2017-02-13,2.41
2017-02-14,1.83
2017-02-15,3.14
2017-02-16,0.71
2017-02-17,3.02
2017-02-18,7.38
2017-02-19,10.74
2017-02-20,10.13
2017-02-21,14.78
2017-02-22,9.61
2017-02-23,9.26
2017-02-24,11.59
2017-02-25,12.35
2017-02-26,17.88
2017-02-27,13.18
2017-02-28,14.39
2017-02-29,14.54
2017-02-30,14.07
2017-03-01,10.67
2017-03-02,12.52
2017-03-03,12.86
2017-03-04,13.4
2017-03-05,10.92
2017-03-06,10.34
2017-03-07,10.72
2017-03-08,10.41
2017-03-09,9.55
2017-03-10,9.83
2017-03-11,11.28
2017-03-12,11.22
2017-03-13,10.12
2017-03-14,7.37
2017-03-15,4.21
2017-03-16,4.03
2017-03-17,5.6
2017-03-18,9.81
2017-03-19,13.31
2017-03-20,13.04
2017-03-21,15.64
2017-03-22,10.98
2017-03-23,10.2
2017-03-24,12.31
2017-03-25,11.63
2017-03-26,14.78
2017-03-27,17.25
2017-03-28,19.02
2017-03-29,18.72
2017-03-30,20.54
2017-04-01,23.32
2017-04-02,24.44
2017-04-03,18.21
2017-04-04,15.28
2017-04-05,20.99
2017-04-06,24.27
2017-04-07,23.45
2017-04-08,15.08
2017-04-09,14.02
2017-04-10,14.26
2017-04-11,17.2
2017-04-12,20.03
2017-04-13,22.44
2017-04-14,24.64
2017-04-15,26.59
2017-04-16,29.32
2017-04-17,27.07
2017-04-18,18.17
2017-04-19,22.28
2017-04-20,31.88
2017-04-21,33.79
2017-04-22,31.34
2017-04-23,30.57
2017-04-24,28.45
2017-04-25,18.89
2017-04-26,11.7
2017-04-27,14.83
2017-04-28,17.72
2017-04-29,19.08
2017-04-30,11.08
2017-05-01,8.75
2017-05-02,15.67
2017-05-03,17.27
2017-05-04,15.74
2017-05-05,17.84
2017-05-06,20.34
2017-05-07,22.61
2017-05-08,26.66
2017-05-09,26.66
2017-05-10,17.45
2017-05-11,14.75
2017-05-12,17.13
2017-05-13,17.33
2017-05-14,18.94
2017-05-15,20.07
2017-05-16,25.1
2017-05-17,28.75
2017-05-18,28.45
2017-05-19,30.57
2017-05-20,32.03
2017-05-21,35.39
2017-05-22,29.48
2017-05-23,34.94
2017-05-24,24.19
2017-05-25,23.52
2017-05-26,25.83
2017-05-27,25.58
2017-05-28,16.08
2017-05-29,14.09
2017-05-30,18.27
2017-06-01,20.03
2017-06-02,23.14
2017-06-03,24.34
2017-06-04,22.25
2017-06-05,26.45
2017-06-06,29.3
2017-06-07,33.93
2017-06-08,36.48
2017-06-09,26.69
2017-06-10,27.4
2017-06-11,30.07
2017-06-12,29.82
2017-06-13,22.42
2017-06-14,20.64
2017-06-15,19.62
2017-06-16,23.4
2017-06-17,27.3
2017-06-18,27.38
2017-06-19,26.91
2017-06-20,23.2
2017-06-21,31.81
2017-06-22,31.34
2017-06-23,33.0
2017-06-24,35.42
2017-06-25,38.36
2017-06-26,43.38
2017-06-27,28.18
2017-06-28,25.62
2017-06-29,27.85
2017-06-30,26.18
2017-07-01,28.51
2017-07-02,26.96
2017-07-03,29.63
2017-07-04,32.97
2017-07-05,35.98
2017-07-06,37.81
2017-07-07,38.01
2017-07-08,38.35
2017-07-09,37.99
2017-07-10,34.24
2017-07-11,31.9
2017-07-12,35.22
2017-07-13,39.78
2017-07-14,36.1
2017-07-15,36.72
2017-07-16,35.27
2017-07-17,35.24
2017-07-18,37.94
2017-07-19,39.61
2017-07-20,36.03
2017-07-21,37.96
2017-07-22,40.07
2017-07-23,41.74
2017-07-24,42.24
2017-07-25,42.87
2017-07-26,46.42
2017-07-27,40.67
2017-07-28,34.27
2017-07-29,31.62
2017-07-30,34.18
2017-08-01,33.98
2017-08-02,27.5
2017-08-03,26.05
2017-08-04,27.9
2017-08-05,29.93
2017-08-06,29.79
2017-08-07,29.74
2017-08-08,30.13
2017-08-09,31.05
2017-08-10,32.46
2017-08-11,33.17
2017-08-12,35.57
2017-08-13,37.75
2017-08-14,36.97
2017-08-15,40.07
2017-08-16,41.95
2017-08-17,39.7
2017-08-18,40.87
2017-08-19,35.09
2017-08-20,37.78
2017-08-21,36.59
2017-08-22,32.67
2017-08-23,28.49
2017-08-24,27.71
2017-08-25,28.48
2017-08-26,27.83
2017-08-27,29.52
2017-08-28,34.86
2017-08-29,41.23
2017-08-30,37.65
2017-09-01,39.49
2017-09-02,43.69
2017-09-03,44.16
2017-09-04,39.28
2017-09-05,41.4
2017-09-06,42.88
2017-09-07,42.44
2017-09-08,42.37
2017-09-09,41.89
2017-09-10,40.77
2017-09-11,35.17
2017-09-12,34.05
2017-09-13,32.17
2017-09-14,32.36
2017-09-15,32.96
2017-09-16,31.12
2017-09-17,26.66
2017-09-18,27.91
2017-09-19,30.77
2017-09-20,34.06
2017-09-21,36.74
2017-09-22,36.86
2017-09-23,37.42
2017-09-24,36.77
2017-09-25,22.42
2017-09-26,19.9
2017-09-27,20.9
2017-09-28,16.33
2017-09-29,18.08
2017-09-30,16.8
2017-10-01,19.45
2017-10-02,15.56
2017-10-03,16.0
2017-10-04,16.77
2017-10-05,17.25
2017-10-06,17.1
2017-10-07,18.25
2017-10-08,20.14
2017-10-09,22.84
2017-10-10,21.57
2017-10-11,23.49
2017-10-12,25.89
2017-10-13,25.28
2017-10-14,19.76
2017-10-15,21.76
2017-10-16,18.75
2017-10-17,17.79
2017-10-18,20.59
2017-10-19,21.83
2017-10-20,22.43
2017-10-21,22.79
2017-10-22,16.89
2017-10-23,14.88
2017-10-24,15.49
2017-10-25,20.24
2017-10-26,19.75
2017-10-27,18.1
2017-10-28,14.33
2017-10-29,12.79
2017-10-30,12.26
2017-11-01,12.94
2017-11-02,13.17
2017-11-03,14.14
2017-11-04,8.33
2017-11-05,10.26
2017-11-06,10.9
2017-11-07,9.29
2017-11-08,11.44
2017-11-09,16.87
2017-11-10,19.02
2017-11-11,19.43
2017-11-12,20.9
2017-11-13,16.92
2017-11-14,16.82
2017-11-15,15.11
2017-11-16,14.6
2017-11-17,13.83
2017-11-18,12.23
2017-11-19,12.18
2017-11-20,14.2
2017-11-21,14.26
2017-11-22,12.78
2017-11-23,13.96
2017-11-24,10.5
2017-11-25,10.0
2017-11-26,8.63
2017-11-27,7.33
2017-11-28,5.48
2017-11-29,4.56
2017-11-30,9.91
2017-12-01,5.57
2017-12-02,2.64
2017-12-03,9.68
2017-12-04,7.18
2017-12-05,12.45
2017-12-06,13.91
2017-12-07,13.57
2017-12-08,12.76
2017-12-09,10.67
2017-12-10,9.83
2017-12-11,4.28
2017-12-12,5.19
2017-12-13,5.22
2017-12-14,2.57
2017-12-15,0.78
2017-12-16,1.77
2017-12-17,0.16
2017-12-18,-0.23
2017-12-19,-0.64
2017-12-20,-1.31
2017-12-21,1.44
2017-12-22,7.56
2017-12-23,11.24
2017-12-24,14.39
2017-12-25,13.06
2017-12-26,10.85
2017-12-27,4.29
2017-12-28,1.65
2017-12-29,1.53
2017-12-30,5.55
2018-01-01,9.95
2018-01-02,10.52
2018-01-03,10.23
2018-01-04,9.3
2018-01-05,9.0
2018-01-06,10.53
2018-01-07,12.31
2018-01-08,11.64
2018-01-09,11.42
2018-01-10,10.39
2018-01-11,9.43
2018-01-12,10.05
2018-01-13,9.19
2018-01-14,10.49
2018-01-15,11.27
2018-01-16,12.43
2018-01-17,10.4
2018-01-18,10.53
2018-01-19,10.25
2018-01-20,8.47
2018-01-21,9.14
2018-01-22,9.99
2018-01-23,11.54
2018-01-24,9.24
2018-01-25,11.29
2018-01-26,10.52
2018-01-27,10.13
2018-01-28,9.74
2018-01-29,9.1
2018-01-30,10.2
2018-02-01,10.4
2018-02-02,11.0
2018-02-03,11.44
2018-02-04,11.63
2018-02-05,12.78
2018-02-06,12.8
2018-02-07,12.51
2018-02-08,9.45
2018-02-09,11.2
2018-02-10,12.25
2018-02-11,9.73
2018-02-12,7.09
2018-02-13,8.87
2018-02-14,11.63
2018-02-15,11.63
2018-02-16,9.9
2018-02-17,7.12
2018-02-18,7.93
2018-02-19,5.05
2018-02-20,-0.88
2018-02-21,-1.24
2018-02-22,0.05
2018-02-23,2.16
2018-02-24,4.27
2018-02-25,4.55
2018-02-26,8.53
2018-02-27,11.11
2018-02-28,10.69
2018-02-29,13.16
2018-02-30,12.7
2018-03-01,11.56
2018-03-02,15.21
2018-03-03,18.05
2018-03-04,13.26
2018-03-05,10.46
2018-03-06,12.72
2018-03-07,11.88
2018-03-08,10.48
2018-03-09,7.71
2018-03-10,10.49
2018-03-11,13.29
2018-03-12,15.47
2018-03-13,17.05
2018-03-14,18.06
2018-03-15,18.61
2018-03-16,15.94
2018-03-17,8.9
2018-03-18,7.37
2018-03-19,12.42
2018-03-20,15.47
2018-03-21,16.95
2018-03-22,18.94
2018-03-23,19.74
2018-03-24,20.57
2018-03-25,20.54
2018-03-26,14.41
2018-03-27,17.13
2018-03-28,17.16
2018-03-29,14.13
2018-03-30,17.59
2018-04-01,21.54
2018-04-02,21.12
2018-04-03,15.23
2018-04-04,12.67
2018-04-05,13.74
2018-04-06,13.46
2018-04-07,11.6
2018-04-08,15.98
2018-04-09,20.48
2018-04-10,22.51
2018-04-11,23.74
2018-04-12,25.22
2018-04-13,25.88
2018-04-14,14.42
2018-04-15,8.87
2018-04-16,14.36
2018-04-17,16.02
2018-04-18,17.68
2018-04-19,11.89
2018-04-20,15.47
2018-04-21,19.16
2018-04-22,16.7
2018-04-23,18.66
2018-04-24,22.66
2018-04-25,16.31
2018-04-26,15.07
2018-04-27,14.64
2018-04-28,17.94
2018-04-29,16.49
2018-04-30,17.01
2018-05-01,14.06
2018-05-02,11.71
2018-05-03,13.0
2018-05-04,14.24
2018-05-05,14.23
2018-05-06,23.06
2018-05-07,19.34
2018-05-08,21.76
2018-05-09,17.46
2018-05-10,17.34
2018-05-11,20.5
2018-05-12,22.35
2018-05-13,24.39
2018-05-14,28.49
2018-05-15,22.66
2018-05-16,24.18
2018-05-17,17.33
2018-05-18,17.74
2018-05-19,17.14
2018-05-20,24.35
2018-05-21,28.37
2018-05-22,29.38
2018-05-23,27.59
2018-05-24,27.89
2018-05-25,29.47
2018-05-26,30.87
2018-05-27,25.61
2018-05-28,29.38
2018-05-29,32.17
2018-05-30,34.91
2018-06-01,24.93
2018-06-02,18.45
2018-06-03,21.64
2018-06-04,20.16
2018-06-05,28.99
2018-06-06,35.66
2018-06-07,39.71
2018-06-08,41.12
2018-06-09,24.58
2018-06-10,22.86
2018-06-11,24.19
2018-06-12,20.65
2018-06-13,21.78
2018-06-14,26.02
2018-06-15,29.72
2018-06-16,28.15
2018-06-17,23.07
2018-06-18,25.88
2018-06-19,31.57
2018-06-20,35.64
2018-06-21,34.62
2018-06-22,34.79
2018-06-23,36.83
2018-06-24,36.96
2018-06-25,36.07
2018-06-26,29.84
2018-06-27,29.47
2018-06-28,24.2
2018-06-29,25.7
2018-06-30,30.91
2018-07-01,29.96
2018-07-02,23.47
2018-07-03,20.65
2018-07-04,16.7
2018-07-05,20.43
2018-07-06,23.25
2018-07-07,30.87
2018-07-08,31.81
2018-07-09,32.04
2018-07-10,37.59
2018-07-11,25.03
2018-07-12,26.27
2018-07-13,29.35
2018-07-14,30.05
2018-07-15,31.62
2018-07-16,29.95
2018-07-17,32.63
2018-07-18,28.11
2018-07-19,27.79
2018-07-20,28.24
2018-07-21,32.81
2018-07-22,37.44
2018-07-23,44.42
2018-07-24,40.94
2018-07-25,35.73
2018-07-26,33.89
2018-07-27,34.92
2018-07-28,32.2
2018-07-29,31.16
2018-07-30,28.61
2018-08-01,23.34
2018-08-02,28.14
2018-08-03,33.99
2018-08-04,37.12
2018-08-05,37.87
2018-08-06,38.67
2018-08-07,39.47
2018-08-08,41.71
2018-08-09,35.55
2018-08-10,34.53
2018-08-11,31.76
2018-08-12,28.84
2018-08-13,24.5
2018-08-14,26.39
2018-08-15,26.77
2018-08-16,30.82
2018-08-17,37.51
2018-08-18,41.02
2018-08-19,31.21
2018-08-20,26.69
2018-08-21,23.68
2018-08-22,25.51
2018-08-23,28.69
2018-08-24,31.7
2018-08-25,34.93
2018-08-26,38.57
2018-08-27,37.32
2018-08-28,39.58
2018-08-29,37.59
2018-08-30,35.4
2018-09-01,31.91
2018-09-02,34.56
2018-09-03,24.76
2018-09-04,28.36
2018-09-05,32.04
2018-09-06,33.89
2018-09-07,34.5
2018-09-08,34.77
2018-09-09,36.77
2018-09-10,35.61
2018-09-11,36.17
2018-09-12,35.62
2018-09-13,35.19
2018-09-14,33.3
2018-09-15,35.88
2018-09-16,36.59
2018-09-17,28.3
2018-09-18,27.56
2018-09-19,27.71
2018-09-20,25.89
2018-09-21,23.79
2018-09-22,26.92
2018-09-23,33.54
2018-09-24,36.28
2018-09-25,31.12
2018-09-26,27.44
2018-09-27,30.15
2018-09-28,35.39
2018-09-29,27.57
2018-09-30,24.54
2018-10-01,27.76
2018-10-02,30.83
2018-10-03,23.03
2018-10-04,23.12
2018-10-05,18.89
2018-10-06,15.49
2018-10-07,17.9
2018-10-08,17.6
2018-10-09,18.11
2018-10-10,16.99
2018-10-11,17.0
2018-10-12,16.11
2018-10-13,14.47
2018-10-14,15.56
2018-10-15,19.12
2018-10-16,19.53
2018-10-17,18.37
2018-10-18,12.83
2018-10-19,12.09
2018-10-20,11.52
2018-10-21,12.2
2018-10-22,12.18
2018-10-23,16.29
2018-10-24,12.59
2018-10-25,11.3
2018-10-26,13.97
2018-10-27,18.41
2018-10-28,19.62
2018-10-29,19.29
2018-10-30,17.78
2018-11-01,17.84
2018-11-02,15.74
2018-11-03,10.01
2018-11-04,15.9
2018-11-05,14.21
2018-11-06,13.65
2018-11-07,8.67
2018-11-08,7.85
2018-11-09,7.82
2018-11-10,8.68
2018-11-11,9.73
2018-11-12,12.11
2018-11-13,12.87
2018-11-14,12.57
2018-11-15,12.46
2018-11-16,12.13
2018-11-17,7.57
2018-11-18,5.07
2018-11-19,6.71
2018-11-20,9.51
2018-11-21,8.55
2018-11-22,7.39
2018-11-23,7.4
2018-11-24,9.77
2018-11-25,9.34
2018-11-26,9.9
2018-11-27,5.43
2018-11-28,9.06
2018-11-29,12.37
2018-11-30,12.33
2018-12-01,13.59
2018-12-02,13.33
2018-12-03,12.43
2018-12-04,10.47
2018-12-05,9.97
2018-12-06,12.06
2018-12-07,11.48
2018-12-08,10.99
2018-12-09,11.9
2018-12-10,11.7
2018-12-11,13.54
2018-12-12,12.72
2018-12-13,11.1
2018-12-14,10.84
2018-12-15,8.78
2018-12-16,8.54
2018-12-17,6.48
2018-12-18,4.46
2018-12-19,3.8
2018-12-20,4.49
2018-12-21,2.98
2018-12-22,-0.02
2018-12-23,1.93
2018-12-24,5.96
2018-12-25,3.66
2018-12-26,8.85
2018-12-27,10.35
2018-12-28,11.83
2018-12-29,14.31
2018-12-30,13.32
2019-01-01,10.65
2019-01-02,9.22
2019-01-03,13.03
2019-01-04,10.17
2019-01-05,8.28
2019-01-06,7.03
2019-01-07,10.65
2019-01-08,12.35
2019-01-09,10.88
2019-01-10,11.17
2019-01-11,11.01
2019-01-12,10.37
2019-01-13,9.13
2019-01-14,10.34
2019-01-15,9.62
2019-01-16,11.55
2019-01-17,12.14
2019-01-18,11.47
2019-01-19,13.1
2019-01-20,13.24
2019-01-21,12.74
2019-01-22,7.96
2019-01-23,4.49
2019-01-24,2.78
2019-01-25,4.23
2019-01-26,5.45
2019-01-27,4.71
2019-01-28,11.13
2019-01-29,11.0
2019-01-30,9.52
2019-02-01,8.71
2019-02-02,8.41
2019-02-03,6.79
2019-02-04,7.77
2019-02-05,9.9
2019-02-06,10.18
2019-02-07,7.61
2019-02-08,8.14
2019-02-09,7.05
2019-02-10,7.59
2019-02-11,9.5
2019-02-12,7.68
2019-02-13,10.33
2019-02-14,11.29
2019-02-15,11.84
2019-02-16,12.46
2019-02-17,8.69
2019-02-18,9.53
2019-02-19,8.43
2019-02-20,10.88
2019-02-21,12.88
2019-02-22,11.78
2019-02-23,10.04
2019-02-24,11.23
2019-02-25,10.82
2019-02-26,10.56
2019-02-27,8.14
2019-02-28,4.43
2019-02-29,4.93
2019-02-30,11.53
2019-03-01,6.32
2019-03-02,6.59
2019-03-03,10.1
2019-03-04,6.88
2019-03-05,6.39
2019-03-06,8.84
2019-03-07,7.14
2019-03-08,12.03
2019-03-09,11.21
2019-03-10,10.94
2019-03-11,11.25
2019-03-12,11.94
2019-03-13,9.62
2019-03-14,8.44
2019-03-15,12.01
2019-03-16,13.82
2019-03-17,10.64
2019-03-18,13.34
2019-03-19,14.72
2019-03-20,8.46
2019-03-21,8.71
2019-03-22,10.17
2019-03-23,15.11
2019-03-24,19.26
2019-03-25,21.66
2019-03-26,22.99
2019-03-27,19.8
2019-03-28,14.45
2019-03-29,13.27
2019-03-30,16.07
2019-04-01,15.66
2019-04-02,15.1
2019-04-03,16.17
2019-04-04,19.45
2019-04-05,20.31
2019-04-06,19.52
2019-04-07,16.67
2019-04-08,14.47
2019-04-09,13.32
2019-04-10,9.1
2019-04-11,7.93
2019-04-12,11.15
2019-04-13,9.72
2019-04-14,9.88
2019-04-15,10.02
2019-04-16,9.27
2019-04-17,10.53
2019-04-18,10.7
2019-04-19,10.34
2019-04-20,11.0
2019-04-21,13.01
2019-04-22,12.4
2019-04-23,13.08
2019-04-24,15.68
2019-04-25,11.96
2019-04-26,12.06
2019-04-27,12.57
2019-04-28,11.89
2019-04-29,13.36
2019-04-30,17.61
2019-05-01,23.6
2019-05-02,24.96
2019-05-03,19.85
2019-05-04,18.67
2019-05-05,15.65
2019-05-06,14.64
2019-05-07,14.64
2019-05-08,12.2
2019-05-09,13.91
2019-05-10,17.08
2019-05-11,23.11
2019-05-12,23.23
2019-05-13,20.81
2019-05-14,15.55
2019-05-15,17.55
2019-05-16,18.32
2019-05-17,19.38
2019-05-18,23.63
2019-05-19,18.3
2019-05-20,16.88
2019-05-21,18.26
2019-05-22,21.59
2019-05-23,23.97
2019-05-24,20.94
2019-05-25,21.21
2019-05-26,28.02
2019-05-27,32.04
2019-05-28,29.79
2019-05-29,17.9
2019-05-30,18.94
2019-06-01,22.89
2019-06-02,23.64
2019-06-03,21.74
2019-06-04,25.44
2019-06-05,24.48
2019-06-06,27.84
2019-06-07,30.99
2019-06-08,30.0
2019-06-09,31.75
2019-06-10,33.16
2019-06-11,32.84
2019-06-12,32.45
2019-06-13,33.34
2019-06-14,36.25
2019-06-15,37.7
2019-06-16,37.76
2019-06-17,38.52
2019-06-18,39.65
2019-06-19,35.99
2019-06-20,28.11
2019-06-21,30.1
2019-06-22,27.83
2019-06-23,23.5
2019-06-24,24.41
2019-06-25,33.38
2019-06-26,28.57
2019-06-27,26.69
2019-06-28,32.11
2019-06-29,33.55
2019-06-30,34.76
2019-07-01,31.01
2019-07-02,26.9
2019-07-03,26.82
2019-07-04,35.48
2019-07-05,33.41
2019-07-06,33.01
2019-07-07,30.38
2019-07-08,33.14
2019-07-09,36.92
2019-07-10,40.36
2019-07-11,42.49
2019-07-12,35.12
2019-07-13,28.32
2019-07-14,26.11
2019-07-15,24.86
2019-07-16,23.35
2019-07-17,28.07
2019-07-18,34.09
2019-07-19,38.71
2019-07-20,38.98
2019-07-21,35.96
2019-07-22,38.46
2019-07-23,40.51
2019-07-24,38.32
2019-07-25,27.92
2019-07-26,30.48
2019-07-27,33.68
2019-07-28,36.7
2019-07-29,39.82
2019-07-30,37.05
2019-08-01,40.61
2019-08-02,41.27
2019-08-03,34.92
2019-08-04,35.27
2019-08-05,36.46
2019-08-06,37.97
2019-08-07,33.44
2019-08-08,29.76
2019-08-09,28.65
2019-08-10,31.06
2019-08-11,33.62
2019-08-12,36.13
2019-08-13,41.35
2019-08-14,42.5
2019-08-15,35.44
2019-08-16,35.67
2019-08-17,37.19
2019-08-18,38.93
2019-08-19,44.16
2019-08-20,30.43
2019-08-21,29.05
2019-08-22,30.36
2019-08-23,32.92
2019-08-24,35.24
2019-08-25,35.02
2019-08-26,37.81
2019-08-27,37.62
2019-08-28,42.01
2019-08-29,33.19
2019-08-30,28.25
2019-09-01,27.75
2019-09-02,31.41
2019-09-03,33.78
2019-09-04,34.48
2019-09-05,29.22
2019-09-06,27.13
2019-09-07,26.7
2019-09-08,27.73
2019-09-09,30.72
2019-09-10,32.28
2019-09-11,31.78
2019-09-12,30.94
2019-09-13,29.29
2019-09-14,31.69
2019-09-15,33.62
2019-09-16,32.12
2019-09-17,25.89
2019-09-18,24.3
2019-09-19,26.07
2019-09-20,26.79
2019-09-21,31.32
2019-09-22,27.86
2019-09-23,26.17
2019-09-24,25.07
2019-09-25,26.39
2019-09-26,31.48
2019-09-27,20.4
2019-09-28,15.49
2019-09-29,18.24
2019-09-30,18.51
2019-10-01,19.2
2019-10-02,19.55
2019-10-03,20.18
2019-10-04,24.1
2019-10-05,11.81
2019-10-06,10.73
2019-10-07,11.41
2019-10-08,15.64
2019-10-09,16.31
2019-10-10,14.44
2019-10-11,16.52
2019-10-12,18.12
2019-10-13,18.46
2019-10-14,15.6
2019-10-15,16.47
2019-10-16,15.47
2019-10-17,13.52
2019-10-18,17.28
2019-10-19,17.88
2019-10-20,18.63
2019-10-21,15.75
2019-10-22,14.68
2019-10-23,17.18
2019-10-24,19.83
2019-10-25,19.9
2019-10-26,18.44
2019-10-27,20.12
2019-10-28,16.51
2019-10-29,15.21
2019-10-30,16.26
2019-11-01,14.77
2019-11-02,13.8
2019-11-03,13.2
2019-11-04,12.25
2019-11-05,13.06
2019-11-06,12.8
2019-11-07,10.29
2019-11-08,12.76
2019-11-09,14.89
2019-11-10,14.16
2019-11-11,11.69
2019-11-12,12.86
2019-11-13,13.62
2019-11-14,14.37
2019-11-15,13.55
2019-11-16,12.61
2019-11-17,11.31
2019-11-18,8.19
2019-11-19,7.51
2019-11-20,9.59
2019-11-21,9.69
2019-11-22,10.66
2019-11-23,9.61
2019-11-24,9.8
2019-11-25,8.84
2019-11-26,11.41
2019-11-27,10.6
2019-11-28,11.56
2019-11-29,11.54
2019-11-30,10.04
2019-12-01,10.41
2019-12-02,10.12
2019-12-03,9.12
2019-12-04,10.12
2019-12-05,7.31
2019-12-06,6.63
2019-12-07,6.62
2019-12-08,5.15
2019-12-09,5.56
2019-12-10,5.15
2019-12-11,4.05
2019-12-12,8.63
2019-12-13,10.75
2019-12-14,12.06
2019-12-15,10.29
2019-12-16,8.56
2019-12-17,1.36
2019-12-18,4.61
2019-12-19,4.69
2019-12-20,3.08
2019-12-21,2.96
2019-12-22,5.34
2019-12-23,9.96
2019-12-24,11.22
2019-12-25,10.9
2019-12-26,11.28
2019-12-27,10.84
2019-12-28,6.8
2019-12-29,8.53
2019-12-30,10.04
2020-01-01,11.16
2020-01-02,9.65
2020-01-03,8.92
2020-01-04,7.86
2020-01-05,9.41
2020-01-06,9.56
2020-01-07,9.87
2020-01-08,11.0
2020-01-09,10.88
2020-01-10,12.16
2020-01-11,11.4
2020-01-12,11.96
2020-01-13,12.46
2020-01-14,10.45
2020-01-15,12.82
2020-01-16,14.39
2020-01-17,12.81
2020-01-18,11.56
2020-01-19,8.91
2020-01-20,8.51
2020-01-21,10.51
2020-01-22,8.53
2020-01-23,6.0
2020-01-24,4.36
2020-01-25,4.44
2020-01-26,7.36
2020-01-27,9.66
2020-01-28,10.11
2020-01-29,12.01
2020-01-30,14.58
2020-02-01,10.72
2020-02-02,8.43
2020-02-03,5.76
2020-02-04,13.03
2020-02-05,13.42
2020-02-06,11.5
2020-02-07,8.5
2020-02-08,7.11
2020-02-09,8.53
2020-02-10,11.89
2020-02-11,8.44
2020-02-12,7.74
2020-02-13,7.53
2020-02-14,11.23
2020-02-15,11.39
2020-02-16,12.23
2020-02-17,8.51
2020-02-18,8.53
2020-02-19,9.78
2020-02-20,10.05
2020-02-21,8.28
2020-02-22,11.79
2020-02-23,12.53
2020-02-24,10.44
2020-02-25,8.69
2020-02-26,7.63
2020-02-27,6.73
2020-02-28,11.14
2020-02-29,12.93
2020-02-30,12.42
2020-03-01,11.72
2020-03-02,12.04
2020-03-03,13.5
2020-03-04,14.11
2020-03-05,12.65
2020-03-06,11.86
2020-03-07,14.2
2020-03-08,13.87
2020-03-09,11.38
2020-03-10,10.85
2020-03-11,8.13
2020-03-12,7.64
2020-03-13,8.07
2020-03-14,9.47
2020-03-15,9.53
2020-03-16,14.03
2020-03-17,14.31
2020-03-18,14.2
2020-03-19,13.94
2020-03-20,12.01
2020-03-21,17.64
2020-03-22,12.29
2020-03-23,12.55
2020-03-24,12.62
2020-03-25,10.57
2020-03-26,8.27
2020-03-27,9.79
2020-03-28,10.3
2020-03-29,9.27
2020-03-30,9.5
2020-04-01,8.81
2020-04-02,7.91
2020-04-03,11.64
2020-04-04,17.58
2020-04-05,15.28
2020-04-06,18.66
2020-04-07,20.53
2020-04-08,21.8
2020-04-09,18.23
2020-04-10,17.75
2020-04-11,19.68
2020-04-12,21.9
2020-04-13,23.53
2020-04-14,26.83
2020-04-15,27.61
2020-04-16,27.13
2020-04-17,27.92
2020-04-18,26.69
2020-04-19,22.27
2020-04-20,20.77
2020-04-21,22.34
2020-04-22,17.05
2020-04-23,15.27
2020-04-24,17.35
2020-04-25,14.79
2020-04-26,17.08
2020-04-27,15.59
2020-04-28,17.18
2020-04-29,18.79
2020-04-30,15.35
2020-05-01,12.58
2020-05-02,13.87
2020-05-03,16.53
2020-05-04,17.46
2020-05-05,16.9
2020-05-06,22.5
2020-05-07,15.72
2020-05-08,15.59
2020-05-09,13.18
2020-05-10,18.65
2020-05-11,19.09
2020-05-12,14.93
2020-05-13,16.79
2020-05-14,23.22
2020-05-15,23.5
2020-05-16,28.2
2020-05-17,30.25
2020-05-18,32.21
2020-05-19,32.95
2020-05-20,29.49
2020-05-21,28.57
2020-05-22,26.63
2020-05-23,23.01
2020-05-24,19.22
2020-05-25,18.6
2020-05-26,17.07
2020-05-27,19.34
2020-05-28,21.39
2020-05-29,27.64
2020-05-30,23.84
2020-06-01,20.47
2020-06-02,27.83
2020-06-03,33.74
2020-06-04,33.62
2020-06-05,30.02
2020-06-06,26.86
2020-06-07,15.44
2020-06-08,15.94
2020-06-09,21.09
2020-06-10,28.72
2020-06-11,34.45
2020-06-12,32.51
2020-06-13,35.22
2020-06-14,43.03
2020-06-15,45.43
2020-06-16,44.66
2020-06-17,45.74
2020-06-18,42.64
2020-06-19,39.97
2020-06-20,31.15
2020-06-21,29.7
2020-06-22,32.02
2020-06-23,30.05
2020-06-24,23.96
2020-06-25,26.51
2020-06-26,23.71
2020-06-27,24.04
2020-06-28,24.61
2020-06-29,26.32
2020-06-30,27.7
2020-07-01,27.97
2020-07-02,29.92
2020-07-03,32.51
2020-07-04,29.07
2020-07-05,25.56
2020-07-06,28.21
2020-07-07,29.76
2020-07-08,31.3
2020-07-09,32.42
2020-07-10,33.27
2020-07-11,31.56
2020-07-12,34.4
2020-07-13,34.18
2020-07-14,30.72
2020-07-15,31.3
2020-07-16,33.86
2020-07-17,35.85
2020-07-18,36.09
2020-07-19,37.11
2020-07-20,31.21
2020-07-21,33.87
2020-07-22,35.16
2020-07-23,36.55
2020-07-24,33.36
2020-07-25,30.8
2020-07-26,33.62
2020-07-27,37.17
2020-07-28,36.32
2020-07-29,36.22
2020-07-30,31.23
2020-08-01,28.29
2020-08-02,31.16
2020-08-03,32.51
2020-08-04,36.64
2020-08-05,37.71
2020-08-06,36.25
2020-08-07,33.1
2020-08-08,31.4
2020-08-09,33.02
2020-08-10,32.16
2020-08-11,32.67
2020-08-12,31.37
2020-08-13,30.61
2020-08-14,32.82
2020-08-15,32.0
2020-08-16,28.39
2020-08-17,26.08
2020-08-18,27.63
2020-08-19,27.77
2020-08-20,25.27
2020-08-21,28.11
2020-08-22,28.11
2020-08-23,26.73
2020-08-24,28.48
2020-08-25,28.57
2020-08-26,27.56
2020-08-27,24.21
2020-08-28,24.64
2020-08-29,24.81
2020-08-30,27.84
2020-09-01,31.16
2020-09-02,29.45
2020-09-03,28.76
2020-09-04,28.57
2020-09-05,28.63
2020-09-06,24.5
2020-09-07,25.81
2020-09-08,26.47
2020-09-09,23.66
2020-09-10,22.05
2020-09-11,24.57
2020-09-12,31.75
2020-09-13,34.99
2020-09-14,35.93
2020-09-15,35.49
2020-09-16,33.98
2020-09-17,29.93
2020-09-18,32.66
2020-09-19,34.43
2020-09-20,34.69
2020-09-21,32.39
2020-09-22,31.1
2020-09-23,33.22
2020-09-24,36.13
2020-09-25,37.21
2020-09-26,35.99
2020-09-27,35.21
2020-09-28,31.81
2020-09-29,32.0
2020-09-30,34.61
2020-10-01,32.48
2020-10-02,31.08
2020-10-03,28.27
2020-10-04,27.29
2020-10-05,26.87
2020-10-06,27.04
2020-10-07,27.68
2020-10-08,26.39
2020-10-09,21.37
2020-10-10,21.47
2020-10-11,23.03
2020-10-12,24.61
2020-10-13,22.78
2020-10-14,22.11
2020-10-15,16.82
2020-10-16,12.84
2020-10-17,15.69
2020-10-18,16.6
2020-10-19,13.05
2020-10-20,11.4
2020-10-21,12.9
2020-10-22,15.57
2020-10-23,13.16
2020-10-24,13.5
2020-10-25,14.31
2020-10-26,14.73
2020-10-27,16.52
2020-10-28,11.74
2020-10-29,9.32
2020-10-30,8.79
2020-11-01,8.3
2020-11-02,12.66
2020-11-03,12.12
2020-11-04,16.14
2020-11-05,8.93
2020-11-06,11.58
2020-11-07,11.81
2020-11-08,8.87
2020-11-09,7.29
2020-11-10,6.65
2020-11-11,8.67
2020-11-12,7.0
2020-11-13,9.21
2020-11-14,7.94
2020-11-15,11.92
2020-11-16,15.82
2020-11-17,13.76
2020-11-18,15.81
2020-11-19,14.23
2020-11-20,16.1
2020-11-21,16.41
2020-11-22,14.81
2020-11-23,16.13
2020-11-24,10.47
2020-11-25,11.41
2020-11-26,10.03
2020-11-27,11.42
2020-11-28,12.83
2020-11-29,13.07
2020-11-30,10.82
2020-12-01,8.37
2020-12-02,12.0
2020-12-03,12.68
2020-12-04,10.66
2020-12-05,9.04
2020-12-06,9.89
2020-12-07,12.04
2020-12-08,11.22
2020-12-09,13.31
2020-12-10,13.46
2020-12-11,12.51
2020-12-12,10.41
2020-12-13,8.51
2020-12-14,8.87
2020-12-15,8.92
2020-12-16,10.99
2020-12-17,13.84
2020-12-18,12.9
2020-12-19,10.47
2020-12-20,10.44
2020-12-21,9.26
2020-12-22,8.69
2020-12-23,4.13
2020-12-24,7.36
2020-12-25,3.18
2020-12-26,2.88
2020-12-27,2.95
2020-12-28,6.79
2020-12-29,9.07
2020-12-30,10.37
2021-01-01,9.07
2021-01-02,5.08
2021-01-03,5.34
2021-01-04,3.2
2021-01-05,6.98
2021-01-06,4.32
2021-01-07,3.2
2021-01-08,2.87
2021-01-09,3.18
2021-01-10,3.78
2021-01-11,4.33
2021-01-12,4.12
2021-01-13,5.59
2021-01-14,9.1
2021-01-15,4.35
2021-01-16,3.83
2021-01-17,2.44
2021-01-18,1.51
2021-01-19,3.69
2021-01-20,6.1
2021-01-21,8.64
2021-01-22,9.13
2021-01-23,10.65
2021-01-24,9.88
2021-01-25,12.58
2021-01-26,13.6
2021-01-27,11.49
2021-01-28,14.31
2021-01-29,8.52
2021-01-30,7.32
2021-02-01,7.8
2021-02-02,10.81
2021-02-03,8.16
2021-02-04,5.37
2021-02-05,8.18
2021-02-06,10.3
2021-02-07,10.1
2021-02-08,10.14
2021-02-09,12.17
2021-02-10,14.6
2021-02-11,14.42
2021-02-12,17.37
2021-02-13,17.23
2021-02-14,18.81
2021-02-15,17.14
2021-02-16,15.84
2021-02-17,13.22
2021-02-18,15.71
2021-02-19,15.13
2021-02-20,16.94
2021-02-21,14.06
2021-02-22,14.05
2021-02-23,16.34
2021-02-24,16.06
2021-02-25,13.38
2021-02-26,10.25
2021-02-27,8.98
2021-02-28,14.01
2021-02-29,11.64
2021-02-30,9.21
2021-03-01,13.63
2021-03-02,11.49
2021-03-03,8.16
2021-03-04,5.23
2021-03-05,4.83
2021-03-06,6.52
2021-03-07,6.4
2021-03-08,12.53
2021-03-09,14.93
2021-03-10,12.58
2021-03-11,15.73
2021-03-12,14.61
2021-03-13,16.09
2021-03-14,12.73
2021-03-15,13.83
2021-03-16,14.91
2021-03-17,16.87
2021-03-18,19.73
2021-03-19,14.89
2021-03-20,12.7
2021-03-21,9.39
2021-03-22,8.85
2021-03-23,7.74
2021-03-24,8.29
2021-03-25,9.49
2021-03-26,12.43
2021-03-27,12.29
2021-03-28,10.33
2021-03-29,7.27
2021-03-30,4.63
2021-04-01,6.8
2021-04-02,4.56
2021-04-03,5.81
2021-04-04,10.0
2021-04-05,8.57
2021-04-06,10.28
2021-04-07,9.09
2021-04-08,6.82
2021-04-09,4.44
2021-04-10,6.89
2021-04-11,9.85
2021-04-12,13.4
2021-04-13,11.16
2021-04-14,11.1
2021-04-15,11.26
2021-04-16,11.48
2021-04-17,13.94
2021-04-18,13.75
2021-04-19,5.97
2021-04-20,7.2
2021-04-21,6.86
2021-04-22,9.43
2021-04-23,11.44
2021-04-24,14.51
2021-04-25,16.9
2021-04-26,20.55
2021-04-27,22.85
2021-04-28,23.21
2021-04-29,14.67
2021-04-30,15.57
2021-05-01,17.29
2021-05-02,17.01
2021-05-03,14.66
2021-05-04,16.17
2021-05-05,16.07
2021-05-06,15.49
2021-05-07,18.45
2021-05-08,22.37
2021-05-09,24.22
2021-05-10,26.52
2021-05-11,27.7
2021-05-12,29.26
2021-05-13,29.65
2021-05-14,29.42
2021-05-15,31.48
2021-05-16,32.38
2021-05-17,31.84
2021-05-18,31.25
2021-05-19,32.42
2021-05-20,31.44
2021-05-21,33.08
2021-05-22,31.16
2021-05-23,33.1
2021-05-24,38.31
2021-05-25,41.2
2021-05-26,28.39
2021-05-27,22.96
2021-05-28,21.85
2021-05-29,23.22
2021-05-30,28.55
2021-06-01,32.04
2021-06-02,33.03
2021-06-03,32.64
2021-06-04,37.53
2021-06-05,43.73
2021-06-06,31.97
2021-06-07,29.36
2021-06-08,29.9
2021-06-09,24.71
2021-06-10,26.3
2021-06-11,28.47
2021-06-12,29.31
2021-06-13,23.06
2021-06-14,26.1
2021-06-15,32.48
2021-06-16,27.26
2021-06-17,34.92
2021-06-18,34.85
2021-06-19,41.82
2021-06-20,34.83
2021-06-21,39.53
2021-06-22,43.6
2021-06-23,39.27
2021-06-24,33.36
2021-06-25,34.89
2021-06-26,36.64
2021-06-27,40.54
2021-06-28,39.49
2021-06-29,30.75
2021-06-30,31.83
2021-07-01,34.13
2021-07-02,35.27
2021-07-03,36.87
2021-07-04,37.77
2021-07-05,36.97
2021-07-06,38.02
2021-07-07,40.57
2021-07-08,41.07
2021-07-09,34.82
2021-07-10,32.19
2021-07-11,32.0
2021-07-12,34.54
2021-07-13,34.15
2021-07-14,35.75
2021-07-15,40.0
2021-07-16,37.69
2021-07-17,38.91
2021-07-18,41.09
2021-07-19,39.39
2021-07-20,36.84
2021-07-21,33.43
2021-07-22,28.13
2021-07-23,29.74
2021-07-24,30.7
2021-07-25,35.15
2021-07-26,31.64
2021-07-27,25.38
2021-07-28,30.53
2021-07-29,38.01
2021-07-30,34.05
2021-08-01,28.13
2021-08-02,30.52
2021-08-03,30.8
2021-08-04,32.34
2021-08-05,37.61
2021-08-06,38.97
2021-08-07,40.56
2021-08-08,42.94
2021-08-09,37.3
2021-08-10,31.08
2021-08-11,27.71
2021-08-12,27.38
2021-08-13,32.62
2021-08-14,31.65
2021-08-15,25.96
2021-08-16,27.42
2021-08-17,26.57
2021-08-18,30.51
2021-08-19,36.43
2021-08-20,34.1
2021-08-21,30.52
2021-08-22,34.44
2021-08-23,41.31
2021-08-24,37.51
2021-08-25,39.82
2021-08-26,42.15
2021-08-27,43.94
2021-08-28,30.98
2021-08-29,36.58
2021-08-30,40.52
2021-09-01,29.28
2021-09-02,30.62
2021-09-03,32.35
2021-09-04,34.59
2021-09-05,35.61
2021-09-06,27.32
2021-09-07,27.51
2021-09-08,29.46
2021-09-09,29.14
2021-09-10,28.56
2021-09-11,26.05
2021-09-12,27.34
2021-09-13,28.19
2021-09-14,29.0
2021-09-15,30.35
2021-09-16,29.61
2021-09-17,28.04
2021-09-18,29.61
2021-09-19,27.56
2021-09-20,24.82
2021-09-21,19.3
2021-09-22,19.17
2021-09-23,22.75
2021-09-24,23.21
2021-09-25,23.15
2021-09-26,26.82
2021-09-27,35.44
2021-09-28,36.58
2021-09-29,37.82
2021-09-30,34.97
2021-10-01,32.95
2021-10-02,33.27
2021-10-03,28.6
2021-10-04,23.73
2021-10-05,20.92
2021-10-06,20.76
2021-10-07,18.98
2021-10-08,22.0
2021-10-09,24.77
2021-10-10,28.68
2021-10-11,29.24
2021-10-12,26.51
2021-10-13,19.17
2021-10-14,16.49
2021-10-15,10.06
2021-10-16,13.39
2021-10-17,10.2
2021-10-18,9.6
2021-10-19,13.4
2021-10-20,13.82
2021-10-21,12.98
2021-10-22,14.1
2021-10-23,11.56
2021-10-24,11.07
2021-10-25,12.05
2021-10-26,12.33
2021-10-27,13.05
2021-10-28,14.75
2021-10-29,16.68
2021-10-30,12.89
2021-11-01,14.13
2021-11-02,11.51
2021-11-03,10.15
2021-11-04,8.22
2021-11-05,10.01
2021-11-06,14.99
2021-11-07,16.79
2021-11-08,13.96
2021-11-09,11.83
2021-11-10,11.61
2021-11-11,9.35
2021-11-12,13.52
2021-11-13,13.37
2021-11-14,12.1
2021-11-15,11.55
2021-11-16,8.17
2021-11-17,9.36
2021-11-18,6.58
2021-11-19,5.12
2021-11-20,3.29
2021-11-21,5.7
2021-11-22,12.88
2021-11-23,10.47
2021-11-24,4.68
2021-11-25,4.64
2021-11-26,7.79
2021-11-27,11.43
2021-11-28,13.66
2021-11-29,13.93
2021-11-30,11.42
2021-12-01,11.11
2021-12-02,9.5
2021-12-03,11.77
2021-12-04,8.56
2021-12-05,9.59
2021-12-06,9.9
2021-12-07,12.03
2021-12-08,11.31
2021-12-09,12.32
2021-12-10,11.94
2021-12-11,11.87
2021-12-12,11.39
2021-12-13,11.88
2021-12-14,12.5
2021-12-15,10.95
2021-12-16,14.83
2021-12-17,14.35
2021-12-18,12.93
2021-12-19,10.18
2021-12-20,8.32
2021-12-21,8.51
2021-12-22,9.71
2021-12-23,9.04
2021-12-24,8.65
2021-12-25,8.64
2021-12-26,7.96
2021-12-27,7.74
2021-12-28,5.93
2021-12-29,3.02
2021-12-30,3.11
2022-01-01,3.99
2022-01-02,4.89
2022-01-03,6.87
2022-01-04,6.38
2022-01-05,4.97
2022-01-06,0.9
2022-01-07,2.71
2022-01-08,4.21
2022-01-09,0.01
2022-01-10,-0.32
2022-01-11,0.07
2022-01-12,0.55
2022-01-13,0.3
2022-01-14,-2.06
2022-01-15,-2.97
2022-01-16,-2.54
2022-01-17,-0.23
2022-01-18,-1.97
2022-01-19,-1.55
2022-01-20,-1.69
2022-01-21,0.78
2022-01-22,4.5
2022-01-23,6.07
2022-01-24,8.94
2022-01-25,8.55
2022-01-26,4.76
2022-01-27,4.29
2022-01-28,4.08
2022-01-29,3.0
2022-01-30,10.63
2022-02-01,12.01
2022-02-02,8.04
2022-02-03,5.04
2022-02-04,9.34
2022-02-05,11.9
2022-02-06,8.58
2022-02-07,4.2
2022-02-08,4.24
2022-02-09,3.89
2022-02-10,7.6
2022-02-11,10.54
2022-02-12,9.73
2022-02-13,11.88
2022-02-14,11.55
2022-02-15,12.67
2022-02-16,9.6
2022-02-17,10.87
2022-02-18,12.04
2022-02-19,11.69
2022-02-20,10.72
2022-02-21,12.9
2022-02-22,12.5
2022-02-23,7.67
2022-02-24,8.35
2022-02-25,8.31
2022-02-26,5.14
2022-02-27,3.28
2022-02-28,5.65
2022-02-29,7.7
2022-02-30,10.87
2022-03-01,13.68
2022-03-02,15.21
2022-03-03,13.16
2022-03-04,12.25
2022-03-05,12.3
2022-03-06,8.17
2022-03-07,9.07
2022-03-08,10.08
2022-03-09,13.38
2022-03-10,14.94
2022-03-11,16.4
2022-03-12,18.21
2022-03-13,20.1
2022-03-14,21.11
2022-03-15,14.83
2022-03-16,15.5
2022-03-17,15.61
2022-03-18,15.03
2022-03-19,11.45
2022-03-20,14.13
2022-03-21,13.76
2022-03-22,15.18
2022-03-23,15.52
2022-03-24,13.88
2022-03-25,9.35
2022-03-26,12.67
2022-03-27,10.5
2022-03-28,15.83
2022-03-29,14.08
2022-03-30,14.24
2022-04-01,15.52
2022-04-02,18.16
2022-04-03,16.45
2022-04-04,19.11
2022-04-05,23.61
2022-04-06,16.78
2022-04-07,13.43
2022-04-08,16.76
2022-04-09,19.45
2022-04-10,12.52
2022-04-11,12.2
2022-04-12,10.61
2022-04-13,14.29
2022-04-14,19.89
2022-04-15,22.28
2022-04-16,12.93
2022-04-17,12.73
2022-04-18,16.8
2022-04-19,11.28
2022-04-20,12.39
2022-04-21,15.34
2022-04-22,15.58
2022-04-23,16.74
2022-04-24,13.78
2022-04-25,13.96
2022-04-26,15.12
2022-04-27,15.79
2022-04-28,19.26
2022-04-29,20.5
2022-04-30,13.26
2022-05-01,15.31
2022-05-02,21.28
2022-05-03,15.64
2022-05-04,16.1
2022-05-05,16.92
2022-05-06,18.05
2022-05-07,16.56
2022-05-08,20.07
2022-05-09,23.36
2022-05-10,26.7
2022-05-11,28.83
2022-05-12,23.19
2022-05-13,18.48
2022-05-14,19.63
2022-05-15,19.54
2022-05-16,18.86
2022-05-17,24.2
2022-05-18,25.13
2022-05-19,20.87
2022-05-20,20.23
2022-05-21,15.79
2022-05-22,15.58
2022-05-23,18.53
2022-05-24,21.6
2022-05-25,25.08
2022-05-26,19.89
2022-05-27,24.36
2022-05-28,30.47
2022-05-29,36.68
2022-05-30,37.56
2022-06-01,37.68
2022-06-02,40.47
2022-06-03,41.79
2022-06-04,40.15
2022-06-05,40.13
2022-06-06,40.05
2022-06-07,39.68
2022-06-08,34.35
2022-06-09,32.92
2022-06-10,36.16
2022-06-11,37.61
2022-06-12,41.21
2022-06-13,41.58
2022-06-14,40.91
2022-06-15,41.0
2022-06-16,41.9
2022-06-17,41.26
2022-06-18,33.86
2022-06-19,34.85
2022-06-20,38.89
2022-06-21,40.6
2022-06-22,43.78
2022-06-23,44.94
2022-06-24,46.41
2022-06-25,44.32
2022-06-26,39.72
2022-06-27,32.99
2022-06-28,33.63
2022-06-29,37.04
2022-06-30,30.39
2022-07-01,30.44
2022-07-02,28.2
2022-07-03,26.11
2022-07-04,28.99
2022-07-05,30.64
2022-07-06,26.05
2022-07-07,26.48
2022-07-08,29.77
2022-07-09,28.08
2022-07-10,30.4
2022-07-11,34.36
2022-07-12,37.56
2022-07-13,37.61
2022-07-14,36.87
2022-07-15,37.11
2022-07-16,36.51
2022-07-17,39.89
2022-07-18,37.94
2022-07-19,35.71
2022-07-20,33.88
2022-07-21,31.43
2022-07-22,28.5
2022-07-23,32.66
2022-07-24,37.12
2022-07-25,39.9
2022-07-26,41.31
2022-07-27,43.94
2022-07-28,30.41
2022-07-29,32.86
2022-07-30,35.71
2022-08-01,38.14
2022-08-02,32.17
2022-08-03,27.51
2022-08-04,24.06
2022-08-05,26.37
2022-08-06,27.8
2022-08-07,30.43
2022-08-08,29.74
2022-08-09,27.04
2022-08-10,30.66
2022-08-11,28.83
2022-08-12,24.22
2022-08-13,24.28
2022-08-14,21.44
2022-08-15,26.27
2022-08-16,27.48
2022-08-17,29.95
2022-08-18,31.34
2022-08-19,33.12
2022-08-20,35.11
2022-08-21,39.05
2022-08-22,40.52
2022-08-23,40.83
2022-08-24,41.14
2022-08-25,41.66
2022-08-26,40.89
2022-08-27,38.11
2022-08-28,35.25
2022-08-29,36.48
2022-08-30,36.6
2022-09-01,28.73
2022-09-02,30.34
2022-09-03,35.46
2022-09-04,36.44
2022-09-05,34.59
2022-09-06,37.7
2022-09-07,39.71
2022-09-08,37.75
2022-09-09,37.98
2022-09-10,39.0
2022-09-11,39.58
2022-09-12,34.11
2022-09-13,22.1
2022-09-14,18.19
2022-09-15,20.46
2022-09-16,18.61
2022-09-17,13.21
2022-09-18,17.38
2022-09-19,23.63
2022-09-20,24.57
2022-09-21,23.92
2022-09-22,24.3
2022-09-23,29.88
2022-09-24,36.87
2022-09-25,28.3
2022-09-26,24.04
2022-09-27,23.68
2022-09-28,23.98
2022-09-29,28.5
2022-09-30,30.83
2022-10-01,29.18
2022-10-02,28.51
2022-10-03,26.72
2022-10-04,29.31
2022-10-05,31.17
2022-10-06,30.94
2022-10-07,29.29
2022-10-08,30.08
2022-10-09,31.64
2022-10-10,29.08
2022-10-11,28.67
2022-10-12,24.55
2022-10-13,27.77
2022-10-14,23.3
2022-10-15,18.28
2022-10-16,14.52
2022-10-17,16.14
2022-10-18,21.36
2022-10-19,21.26
2022-10-20,17.36
2022-10-21,20.74
2022-10-22,26.27
2022-10-23,22.91
2022-10-24,19.45
2022-10-25,22.13
2022-10-26,18.34
2022-10-27,13.43
2022-10-28,13.04
2022-10-29,14.27
2022-10-30,12.85
2022-11-01,9.45
2022-11-02,6.34
2022-11-03,6.56
2022-11-04,7.74
2022-11-05,9.97
2022-11-06,12.91
2022-11-07,13.45
2022-11-08,13.1
2022-11-09,16.02
2022-11-10,16.99
2022-11-11,13.95
2022-11-12,15.24
2022-11-13,17.16
2022-11-14,16.32
2022-11-15,16.29
2022-11-16,13.65
2022-11-17,9.09
2022-11-18,9.25
2022-11-19,9.05
2022-11-20,7.63
2022-11-21,7.17
2022-11-22,7.19
2022-11-23,6.81
2022-11-24,7.09
2022-11-25,3.9
2022-11-26,4.22
2022-11-27,5.09
2022-11-28,7.92
2022-11-29,9.97
2022-11-30,10.06
2022-12-01,10.04
2022-12-02,9.45
2022-12-03,10.33
2022-12-04,11.55
2022-12-05,11.26
2022-12-06,11.59
2022-12-07,9.88
2022-12-08,9.36
2022-12-09,13.17
2022-12-10,13.15
2022-12-11,7.0
2022-12-12,7.88
2022-12-13,9.0
2022-12-14,8.63
2022-12-15,6.15
2022-12-16,4.98
2022-12-17,2.87
2022-12-18,2.46
2022-12-19,1.4
2022-12-20,2.05
2022-12-21,1.86
2022-12-22,2.32
2022-12-23,1.79
2022-12-24,0.01
2022-12-25,0.3
2022-12-26,0.48
2022-12-27,0.01
2022-12-28,2.88
2022-12-29,9.46
2022-12-30,9.3
